Workbook

Sheet Resum
B1: RESUM EXECUTIU · Auditoria App Japó 2026
B2: JapoTrip v2.9 · app nativa iOS/iPadOS (.swiftpm) · 13 fitxers Swift · 235 llocs · 10 ciutats | Els recomptes es recalculen sols en canviar la columna Estat de la pestanya Auditoria.
B4: INCIDÈNCIES TOTALS | D4: CRÍTIQUES | F4: ACCIÓ IMMEDIATA (P1) | H4: RESOLTES
B5: =COUNTA(Auditoria!$A$4:$A$50) -> 47 | D5: =COUNTIF(Auditoria!$E$4:$E$50,"Crític") -> 4 | F5: =COUNTIF(Auditoria!$G$4:$G$50,"P1 - Immediata") -> 10 | H5: =COUNTIF(Auditoria!$H$4:$H$50,"Resolt") -> 36
B7: Incidències per severitat | F7: Incidències per tipus
B8: Severitat | C8: Nre. | D8: % | F8: Tipus | G8: Nre. | H8: %
B9: Crític | C9: =COUNTIF(Auditoria!$E$4:$E$50,"Crític") -> 4 | D9: =IFERROR(C9/COUNTA(Auditoria!$A$4:$A$50),0) -> 0.085106383 | F9: Fallada funcional (Bug) | G9: =COUNTIF(Auditoria!$C$4:$C$50,"Fallada funcional (Bug)") -> 12 | H9: =IFERROR(G9/COUNTA(Auditoria!$A$4:$A$50),0) -> 0.25531915
B10: Alt | C10: =COUNTIF(Auditoria!$E$4:$E$50,"Alt") -> 11 | D10: =IFERROR(C10/COUNTA(Auditoria!$A$4:$A$50),0) -> 0.23404255 | F10: Error d'usabilitat (UX) | G10: =COUNTIF(Auditoria!$C$4:$C$50,"Error d'usabilitat (UX)") -> 22 | H10: =IFERROR(G10/COUNTA(Auditoria!$A$4:$A$50),0) -> 0.46808511
B11: Mitjà | C11: =COUNTIF(Auditoria!$E$4:$E$50,"Mitjà") -> 19 | D11: =IFERROR(C11/COUNTA(Auditoria!$A$4:$A$50),0) -> 0.40425532 | F11: Error de disseny (UI) | G11: =COUNTIF(Auditoria!$C$4:$C$50,"Error de disseny (UI)") -> 8 | H11: =IFERROR(G11/COUNTA(Auditoria!$A$4:$A$50),0) -> 0.17021277
B12: Baix | C12: =COUNTIF(Auditoria!$E$4:$E$50,"Baix") -> 13 | D12: =IFERROR(C12/COUNTA(Auditoria!$A$4:$A$50),0) -> 0.27659574 | F12: Rendiment/Lentitud | G12: =COUNTIF(Auditoria!$C$4:$C$50,"Rendiment/Lentitud") -> 5 | H12: =IFERROR(G12/COUNTA(Auditoria!$A$4:$A$50),0) -> 0.10638298
B13: TOTAL | C13: =SUM(C9:C12) -> 47 | D13: =SUM(D9:D12) -> 1 | F13: TOTAL | G13: =SUM(G9:G12) -> 47 | H13: =SUM(H9:H12) -> 1
B14: Incidències per prioritat d'acció | F14: Estat de resolució
B15: Prioritat | C15: Nre. | D15: % | F15: Estat | G15: Nre. | H15: %
B16: P1 - Immediata | C16: =COUNTIF(Auditoria!$G$4:$G$50,"P1 - Immediata") -> 10 | D16: =IFERROR(C16/COUNTA(Auditoria!$A$4:$A$50),0) -> 0.21276596 | F16: Pendent | G16: =COUNTIF(Auditoria!$H$4:$H$50,"Pendent") -> 3 | H16: =IFERROR(G16/COUNTA(Auditoria!$A$4:$A$50),0) -> 0.063829787
B17: P2 - Curt termini | C17: =COUNTIF(Auditoria!$G$4:$G$50,"P2 - Curt termini") -> 20 | D17: =IFERROR(C17/COUNTA(Auditoria!$A$4:$A$50),0) -> 0.42553191 | F17: En procés | G17: =COUNTIF(Auditoria!$H$4:$H$50,"En procés") -> 8 | H17: =IFERROR(G17/COUNTA(Auditoria!$A$4:$A$50),0) -> 0.17021277
B18: P3 - Millora futura | C18: =COUNTIF(Auditoria!$G$4:$G$50,"P3 - Millora futura") -> 17 | D18: =IFERROR(C18/COUNTA(Auditoria!$A$4:$A$50),0) -> 0.36170213 | F18: Resolt | G18: =COUNTIF(Auditoria!$H$4:$H$50,"Resolt") -> 36 | H18: =IFERROR(G18/COUNTA(Auditoria!$A$4:$A$50),0) -> 0.76595745
B19: TOTAL | C19: =SUM(C16:C18) -> 47 | D19: =SUM(D16:D18) -> 1 | F19: TOTAL | G19: =SUM(G16:G18) -> 47 | H19: =SUM(H16:H18) -> 1
F37: Com fer servir aquest full
F38: 1. A la pestanya «Auditoria», canvia la columna Estat (desplegable: Pendent / En procés / Resolt).
F39: 2. Els KPI i les taules d'aquest resum es recalculen automàticament amb COUNTIF.
F40: 3. Ordre de treball recomanat: les 10 incidències P1 primer (bloquegen l'ús real de l'app durant el viatge).
F41: 4. La columna «Mòdul / Pàgina» indica el fitxer i la línia exactes on es troba cada punt.
F42: 5. Guanys ràpids amb molt d'impacte: UX-002 (filtre d'imprescindibles) i UX-003 (vista per dia).

Sheet Auditoria
A1: AUDITORIA DE PRODUCTE · App Japó 2026 (JapoTrip v2.9 · iOS/iPadOS natiu)
A2: Abast: revisió completa de codi (13 fitxers Swift, 1.549 línies), dades (data.json · 235 llocs · 10 ciutats) i experiència d'usuari · Auditor: Claude (Cowork) · Data: 04/09/2026 · 47 incidències
A3: ID | B3: Mòdul / Pàgina | C3: Tipus d'incidència | D3: Descripció de la fallada | E3: Nivell de Severitat | F3: Proposta de millora / Solució | G3: Prioritat d'acció | H3: Estat
A4: BUG-001 | B4: Pantalla de ciutat · Botó "Ruta completa" · CityDetailView.swift:114 | C4: Fallada funcional (Bug) | D4: Les rutes es generen com una única URL /maps/dir/ amb TOTES les parades: Tòquio 38, Kyoto 40, Osaka 51, Kamakura 17, Hakone 17, Hiroshima 13. Google Maps limita una ruta a 10 punts (origen + destinació + 8 intermedis), així que en obrir-la l'app de Maps descarta parades silenciosament o mostra un error. El botó més prominent de la pantalla de ciutat no funciona a les 6 ciutats amb més llocs, que són 195 dels 235 llocs de l'itinerari. | E4: Crític | F4: Partir cada ruta en trams de 10 parades màxim des de transform.py i emetre'ls com a botons separats ("Tram 1/4 · parades 1-10"). Afegir una comprovació al validador del pipeline que rebutgi qualsevol ruta amb més de 10 parades. Alternativa complementària: un botó "Ruta amb els llocs pendents d'avui" que construeixi la URL en temps real amb un màxim de 10 llocs no visitats. | G4: P1 - Immediata | H4: Resolt
A5: BUG-002 | B5: Kyoto · Enllaços de mapes · data.json (camps google/apple) | C5: Fallada funcional (Bug) | D5: 24 dels 40 llocs de Kyoto tenen la consulta de Google/Apple Maps escrita en català i amb parèntesis: "Castell de Fushimi Momoyama (exterior)", "Camí del Filòsof (Tetsugaku no Michi)", "Parc dels micos Iwatayama", "Santuari Kifune", "Bosc de bambú d'Arashiyama". Com que els enllaços són cerques de text (query=...) i no coordenades, des del Japó la cerca no troba res o retorna un lloc equivocat. La ruta completa de Kyoto arrossega les mateixes 24 parades en català. | E5: Crític | F5: Afegir un diccionari MANUAL_MAPQUERY_OVERRIDE a transform.py (mateix patró que MANUAL_WIKI_OVERRIDE) amb el topònim oficial en rōmaji/anglès i sense parèntesis ("Fushimi Momoyama Castle", "Philosopher's Path Kyoto", "Iwatayama Monkey Park", "Kifune Shrine"). A mitjà termini, substituir la cerca per text per enllaços de coordenades (maps.apple.com/?ll=lat,lng i google.com/maps/search/?api=1&query=lat,lng), que no depenen de com estigui escrit el nom. | G5: P1 - Immediata | H5: Resolt
A6: BUG-003 | B6: Pantalla de ciutat · "Ordena per proximitat" · CityDetailView.swift:60-69 | C6: Fallada funcional (Bug) | D6: Osaka (51 llocs) i Himeji (9) no tenen CAP coordenada al data.json: lat/lng són null als 60 llocs. El botó s'activa igualment, canvia el text a "Ordenat per proximitat", i no ordena res ni mostra cap distància, sense explicar per què. Pitjor: distance() retorna .greatestFiniteMagnitude per a tots els llocs i Array.sort de Swift NO és estable, així que la crida pot reordenar la llista de manera arbitrària i fer perdre a l'usuari l'ordre de l'itinerari que tenia a la pantalla. | E6: Crític | F6: 1) Al pipeline, geocodificar les 91 coordenades que falten (Osaka 51, Nara 10, Himeji 9, Nikko 11, Wakayama 6, Hiroshima 3, Hakone 1) — es poden obtenir de la mateixa Viquipèdia o de Nominatim en lot. 2) Mentrestant, deshabilitar el botó amb el text "Sense coordenades en aquesta ciutat" quan menys de 2 llocs tinguin lat/lng. 3) Fer l'ordenació determinista amb desempat per seq: sort { (d0, p0.seq) < (d1, p1.seq) }. | G6: P1 - Immediata | H6: En procés
A7: BUG-004 | B7: Pantalla de ciutat · Proximitat parcial · CityDetailView.swift:60-75 | C7: Fallada funcional (Bug) | D7: A les ciutats amb coordenades parcials (Nikko 3/14, Nara 11/21, Wakayama 5/11, Hiroshima 13/16, Hakone 17/18) els llocs sense lat/lng cauen al final en ordre indeterminat i sense etiqueta de distància, sense cap avís que la llista ordenada està incompleta. L'usuari pot concloure que un lloc és lluny quan simplement no té dades. | E7: Alt | F7: Separar la llista en dues seccions amb capçalera quan la proximitat està activa: "Ordenats per distància (N)" i "Sense ubicació (M)", aquesta segona sempre en ordre d'itinerari. Complementa BUG-003. | G7: P1 - Immediata | H7: Resolt
A8: BUG-005 | B8: Pantalla de ciutat · Estat del botó de proximitat · CityDetailView.swift:163-183 | C8: Fallada funcional (Bug) | D8: geoActive es posa a true en el mateix moment de prémer, abans de tenir cap posició, i no torna mai a false si l'usuari denega el permís o si la localització falla. El botó anuncia "Ordenat per proximitat" mentre la llista continua exactament en l'ordre de l'itinerari: l'app diu que ha fet una cosa que no ha fet. | E8: Alt | F8: Mantenir tres estats explícits al botó: inactiu → "Ordena per proximitat"; localitzant → "Localitzant…" amb spinner i sense canviar la llista; actiu → "Ordenat per proximitat" només quan locationProvider.location != nil. Posar geoActive = false quan arribi authDenied o didFailWithError. | G8: P2 - Curt termini | H8: Resolt
A9: BUG-006 | B9: Ubicació · LocationProvider.swift:18-57 | C9: Fallada funcional (Bug) | D9: isLocating només es tanca amb didUpdateLocations o didFailWithError. En interiors, al metro o en un soterrani —situacions constants en aquest viatge— requestLocation pot no retornar res durant molt de temps i l'spinner queda girant indefinidament sense missatge. A més, authDenied mai no es reinicia a false: si l'usuari va denegar el permís i després l'activa a Configuració, l'avís "Cal activar la ubicació" es queda a la pantalla per sempre durant aquella sessió. | E9: Mitjà | F9: Afegir un temporitzador de 12 s dins de request() que posi isLocating = false i publiqui un missatge "No s'ha pogut obtenir la ubicació, torna-ho a provar a l'exterior". Recalcular authDenied a partir de manager.authorizationStatus a l'inici de cada request() en comptes de deixar-lo enganxat. | G9: P2 - Curt termini | H9: Resolt
A10: BUG-007 | B10: Fitxa de lloc · Lectura en veu alta · SpeechReader.swift:16-36 | C10: Fallada funcional (Bug) | D10: speak() crida stop() —que fa setActive(false)— i immediatament setActive(true). Però stopSpeaking(at: .immediate) dispara el callback didCancel de manera ASÍNCRONA, i aquest callback torna a fer setActive(false) i isSpeaking = false DESPRÉS que la nova locució ja hagi començat. Resultat: prémer "llegir" dos cops seguits (o canviar de lloc mentre parla) pot tallar l'àudio i deixar el botó dient "Torna a llegir en veu alta" mentre el telèfon encara està parlant. | E10: Mitjà | F10: Guardar la referència de la utterance actual i ignorar els callbacks didFinish/didCancel que no li corresponguin: guard utterance === currentUtterance else { return }. Alternativament, posar un flag isRestarting durant la represa. | G10: P2 - Curt termini | H10: Resolt
A11: BUG-008 | B11: Càrrega de dades · DataStore.swift:82-101 | C11: Fallada funcional (Bug) | D11: decodeResiliently() protegeix places i cities amb FailableDecodable, però catMeta ([String: CategoryInfo]) es descodifica en bloc dins del mateix RawAppData. Una sola categoria mal formada en una edició futura del data.json fa fallar tot el decode i retorna un AppData completament buit — exactament el desastre que aquesta funció es va escriure per evitar. El mateix passa amb catOrder i cityOrder si desapareixen. | E11: Mitjà | F11: Descodificar catMeta com a [String: FailableDecodable<CategoryInfo>] i fer compactMapValues, i declarar catOrder/cityOrder opcionals amb ?? [] . Afegir un test al validador de transform.py que comprovi que tota categoria usada a cats existeix a catMeta. | G11: P3 - Millora futura | H11: Resolt
A12: BUG-009 | B12: Pantalla de ciutat · Ordre personalitzat · DataStore.swift:122 | C12: Fallada funcional (Bug) | D12: orderedPlaces(for:) construeix el diccionari amb Dictionary(uniqueKeysWithValues:), que provoca un fatal error (l'app peta) si dos llocs de la mateixa ciutat comparteixen id. Actualment no n'hi ha cap duplicat (verificat: 235 ids únics), però tot el decodificador resilient existeix precisament perquè s'espera que el data.json es pugui editar a mà en el futur — i aquesta línia converteix aquell escenari en un tancament immediat en obrir la ciutat. | E12: Mitjà | F12: Canviar per Dictionary(natural.map { ($0.id, $0) }, uniquingKeysWith: { first, _ in first }) i registrar un avís per consola quan hi hagi col·lisió. | G12: P2 - Curt termini | H12: Resolt
A13: BUG-010 | B13: Arrencada · DataStore.swift:32-41 | C13: Fallada funcional (Bug) | D13: Si data.json no es pot llegir o no encaixa amb l'estructura de nivell superior, l'app arrenca amb un AppData buit i mostra la pantalla d'inici sense cap caixa i el text "0 de 0 llocs visitats", sense cap missatge d'error. L'usuari veu una app trencada i no sap si el problema és seu, de la connexió o del contingut. | E13: Mitjà | F13: Publicar un estat loadError a DataStore i, quan places està buit, mostrar una pantalla d'error amb el motiu tècnic, el nombre d'entrades descartades i un botó "Torna a provar". El missatge per consola actual no arriba mai a l'usuari final. | G13: P2 - Curt termini | H13: Resolt
A14: BUG-011 | B14: Global · Persistència dels check-ins · DataStore.swift:7-9 | C14: Fallada funcional (Bug) | D14: L'estat "visitat" viu només a UserDefaults del dispositiu. Reinstal·lar l'app, restaurar el telèfon, canviar de mòbil o passar de l'iPhone a l'iPad (Package.swift declara suport per a .phone i .pad) fa perdre tots els llocs marcats, sense còpia de seguretat ni exportació. En un viatge de setmanes amb 235 llocs és una pèrdua irreversible de la feina de l'usuari. | E14: Alt | F14: Substituir UserDefaults per NSUbiquitousKeyValueStore (iCloud key-value, sincronitza iPhone↔iPad automàticament i sobreviu a la reinstal·lació; el canvi són poques línies perquè l'API és pràcticament idèntica) i afegir a la pantalla d'inici un botó "Exporta el progrés" que generi un JSON compartible, amb la importació corresponent. | G14: P1 - Immediata | H14: En procés
... A50: UI-008 | B50: Global · Orientació · Package.swift:29-34 | C50: Error de disseny (UI) | D50: Package.swift declara .landscapeLeft i .landscapeRight també per a iPhone, però tots els layouts estan pensats en vertical: en horitzontal la capçalera fixa de la pantalla de ciutat ocupa gairebé tota l'alçada útil (veure UX-004) i la foto de capçalera, amb alçada fixa de 130 pt i scaledToFill, es deforma i es retalla en excés. | E50: Mitjà | F50: O bé limitar l'iPhone a vertical (deixant l'horitzontal només per a iPad, on hi ha espai de sobres), o bé adaptar la capçalera amb horizontalSizeClass/verticalSizeClass perquè en horitzontal passi a una disposició de dues columnes: filtres a l'esquerra, llista a la dreta. | G50: P3 - Millora futura | H50: Resolt
